VENDOR_GROUP,FIRST_NAME,LAST_NAME
,,
VAC | VENDOR | JANITORIAL,John,Smith
VAC | VENDOR | JANITORIAL,Jane,Doe
VAC | VENDOR | JANITORIAL,Mike,Johnson
VAC | VENDOR | JANITORIAL,Sarah,Williams
VAC | VENDOR | JANITORIAL,David,Brown
VAC | VENDOR | JANITORIAL,Lisa,Davis
VAC | VENDOR | JANITORIAL,Tom,Miller
VAC | VENDOR | JANITORIAL,Amy,Wilson
VAC | VENDOR | JANITORIAL,Chris,Moore
VAC | VENDOR | JANITORIAL,Emma,Taylor
VAC | VENDOR | JANITORIAL,Alex,Anderson
,,
VAC | VENDOR | PTM | ABRAM,Robert,Thomas
VAC | VENDOR | PTM | ABRAM,Jennifer,Jackson
VAC | VENDOR | PTM | ABRAM,Michael,White
VAC | VENDOR | PTM | ABRAM,Jessica,Harris
VAC | VENDOR | PTM | ABRAM,Daniel,Martin
VAC | VENDOR | PTM | ABRAM,Amanda,Garcia
VAC | VENDOR | PTM | ABRAM,James,Rodriguez
VAC | VENDOR | PTM | ABRAM,Nicole,Lewis
VAC | VENDOR | PTM | ABRAM,Christopher,Lee
,,
VAC | VENDOR | ATM | PTM | NCR,Matthew,Walker
VAC | VENDOR | ATM | PTM | NCR,Stephanie,Hall
VAC | VENDOR | ATM | PTM | NCR,Andrew,Allen
VAC | VENDOR | ATM | PTM | NCR,Melissa,Young
,,
VAC | VENDOR | ATM | BRINKS,Vendor,Brinks1
VAC | VENDOR | ATM | BRINKS,Vendor,Brinks2
VAC | VENDOR | ATM | BRINKS,Vendor,Brinks3
VAC | VENDOR | ATM | BRINKS,Vendor,Brinks4
VAC | VENDOR | ATM | BRINKS,Vendor,Brinks5
VAC | VENDOR | ATM | BRINKS,Vendor,Brinks6
VAC | VENDOR | ATM | BRINKS,Vendor,Brinks7
VAC | VENDOR | ATM | BRINKS,Vendor,Brinks8
VAC | VENDOR | ATM | BRINKS,Vendor,Brinks9
VAC | VENDOR | ATM | BRINKS,Vendor,Brinks10
VAC | VENDOR | ATM | BRINKS,Vendor,Brinks11
VAC | VENDOR | ATM | BRINKS,Vendor,Brinks12
VAC | VENDOR | ATM | BRINKS,Vendor,Brinks13
VAC | VENDOR | ATM | BRINKS,Vendor,Brinks14
,,
VAC | VENDOR | ATM | PTM | DIEBOLD,Kevin,King
VAC | VENDOR | ATM | PTM | DIEBOLD,Rachel,Wright
VAC | VENDOR | ATM | PTM | DIEBOLD,Steven,Lopez
VAC | VENDOR | ATM | PTM | DIEBOLD,Lauren,Hill
VAC | VENDOR | ATM | PTM | DIEBOLD,Mark,Scott
,,
VAC | VENDOR | RECOVERY | COLUMBUS,Ryan,Green
,,
VAC | VENDOR | RECOVERY | TRI-STATE,Ashley,Adams
VAC | VENDOR | RECOVERY | TRI-STATE,Brandon,Baker
VAC | VENDOR | RECOVERY | TRI-STATE,Victoria,Gonzalez
,,
VAC | VENDOR | GENERAL | 13S,General,Branch_13S_1
VAC | VENDOR | GENERAL | 13S,General,Branch_13S_2
VAC | VENDOR | GENERAL | NOB,General,Branch_NOB
VAC | VENDOR | GENERAL | PTB,General,Branch_PTB
